conservatives have always been for law order but conservatives are also against mindless big government b/c it has the power to damage lives and as people of faith we also believe in compassion,0.8832391713747646,0.11787072243346007
great turnout from tonight one job should be enough proud to have so much union,0.3107344632768362,0.5076045627376425
with your 100000 quality allage 20000 extra affordable,0.5108193936708394,0.4760307164690971
some important from my struggle has made me fierce and we all need to be a little fierce to get things done congress has never heard a voice like mine but come 2019 it certainly often,0.5108193936708394,0.4760307164690971
my letter today to mrs may re her not really leaving the eu withdrawal agreement and un global compact for,0.655367231638418,0.15019011406844107
dana rohrabacher has been a great congressman for his district and for the people of cal he works hard and is respected by all he produces dems are desperate to replace dana by spending vast sums to elect a super liberal who is weak on crime and bad for our military vets,0.3220338983050847,0.7452471482889734
the first step for republicans to regain american trust on fiscal responsibility is for to deliver a nationally televised speech from the oval office to announce an allhandsondeck via,0.992467043314501,0.5114068441064639
must stop the rollout of universal credit immediately and address the deep flaws that are putting victims of domestic abuse at,0.2071563088512241,0.30798479087452474
when i served in congress there even a restroom near the house floor come a long,0.5108193936708394,0.4760307164690971
beautiful ceremony today in paris commemorating the end of world war one many world leaders in attendance thank you to president of france now off to suresnes american cemetery to make speech in honor of our great heroes then back to the usa,0.5386064030131826,0.11787072243346007
it was great to have in coatbridge labour will end austerity give communities control,0.3220338983050847,0.2832699619771863
a good day to be a democrat make sure registered to vote at and dm us if you,0.3088512241054614,0.5114068441064639
i am thirty two years old today was the first time i voted for another queer woman of color thank you,0.4350282485875706,0.6140684410646388
we do this newsletter thing and it is good sign up at,0.5108193936708394,0.4760307164690971
to me prison reform is not about being partisan it is about the people i personally know that were affected by,0.544256120527307,0.7300380228136882
republicans have rigged the system against us we won big this year but we take our foot off the gas if we want to,0.3126177024482109,0.5076045627376425
representative bobby scott is right the will make us all safer while many of the people in prison,0.5404896421845574,0.7319391634980988
check out my latest articles,0.5108193936708394,0.4760307164690971
rumor has it that senator joe donnelly of indiana is paying for facebook ads for his socalled opponent on the libertarian ticket donnelly is trying to steal the election that what russia did,0.3050847457627119,0.2889733840304182
first8 from fci herlong thanks you van jones,0.5108193936708394,0.4760307164690971
healthcare is a human right,0.08286252354048965,0.39543726235741444
says the gender recognition act reform is a good out the survey here,0.4199623352165725,0.5057034220532319
as we head into tonight here are a few takeaways on how we got here under the leadership of the new dnc,0.32015065913371,0.5152091254752852
we recently relaunched socialist forum our quarterly publication for debate among dsa members about socialist theory and strategy our first batch of articles covers what political revolution means dsas role in bringing it about,0.08286252354048965,0.6368821292775665
something powerful important rare and beautiful is happening please join this movement and help pass,0.5108193936708394,0.4760307164690971
has just flipped a seat in maine from red to blue proud to have invested in race to help reach mainers all over me02 to congratulate jared on his win,0.3239171374764595,0.5152091254752852
socalled comedian michelle wolf bombed so badly last year at the white house dinner that this year for the first time in decades they will have an author instead of a comedian good first step in comeback of a dying evening and tradition maybe i will go,0.768361581920904,0.29277566539923955
we recorded it last weekend mark brahmin mind blowing,0.5108193936708394,0.4760307164690971
democrats made history this year because grassroots supporters stepped up and made it happen read below about how you helped make history across the country,0.32015065913371,0.5247148288973384
donald trump never misses an opportunity to miss an opportunity to show real leadership even if hes making,0.3145009416195857,0.7395437262357415
this week in swiss stock exchange lists crypto silvergate bank has 500 crypto swiss,0.5108193936708394,0.4760307164690971
open enrollment starts today dont miss your chance to get covered head over to to explore your options dont wait weve only got until december 15,0.5108193936708394,0.4760307164690971
i was very sorry to hear of the passing of patricia hollis my condolences are with her partner alan and all the was a champion for the people of norfolk was vital to stopping the 2015 tax credit cuts and a tireless campaigner for good quality housing for all,0.23540489642184556,0.41634980988593157
keep fighting the movement is just beginning,0.5108193936708394,0.4760307164690971
turns out pa is quite wealthy after all $46 bil to our friend amazon,0.0903954802259887,0.41064638783269963
since 2017 gavin seemed mostly to define himself as not,0.5108193936708394,0.4760307164690971
many of the ppl tear gassed at the border today are driven by desperation following the worst drought in 30 yrs they,0.3220338983050847,0.5209125475285171
great campaigning session today in thanks to all who helped and thanks to all who were,0.5108193936708394,0.4760307164690971
democratic candidate for governor of colorado and dnc chair have a message for you and your friends on why its so important for young people to head to the polls,0.3220338983050847,0.7338403041825095
teachers have overwhelmingly rejected the snp unfair pay education really is,0.3220338983050847,0.7338403041825095
congress has no idea what their hallways are going to look like tomorrow a sneak peak from the,0.5108193936708394,0.4760307164690971
this is the funniest thing i have heard so far in the absurd antibrexit campaign ukip brexit rally on the 9th,0.2071563088512241,0.3726235741444867
what offends me most about is not her neurotic antiwhite racism but the fact that mediocrities like,0.3352165725047081,0.747148288973384
measure 104 promised to permanently end easy taxes is an easy tax you ask to the writers of this measure easy taxes are taxes for owning golf courses or heated pools among many other loopholes and helped stop,0.7627118644067796,0.28517110266159695
i joined teachers at fuentes in this morning because educators deserve a fair contract and our,0.3126177024482109,0.5076045627376425
without him there is no way we would be this far,0.5108193936708394,0.4760307164690971
the next labour government will ringfence mental health budgets invest in early years prevention for children and young people and finally put mental health on an equal footing with other clinical services,0.08851224105461393,0.39543726235741444
bringing the wood mindless heartless gutless,0.5108193936708394,0.4760307164690971
campaign inspired america and showed the world theres far more that unites us than divides us thanks to all the staff and volunteers who brought us closer to victory in texas than many thought was possible keep getting after it,0.8851224105461394,0.1311787072243346
can you say that in a video selfie,0.5108193936708394,0.4760307164690971
catch and release is an obsolete term it is now catch and detain illegal immigrants trying to come into the usa often proudly flying the flag of their nation as they ask for us asylum will be detained or turned away dems must approve border security wall now,0.3258003766478343,0.752851711026616
when ranking democrats make excuses not to support a green new deal and you know taking fossil fuel,0.527306967984934,0.7490494296577946
spain has won on gibraltar according to its pm so may sells out northern ireland now gibraltar she must go,0.6836158192090396,0.11977186311787072
the time for debate and political posturing is over now time to do the right thing and pass the first step act,0.3107344632768362,0.5133079847908745
the story of granby street is inspiring,0.5108193936708394,0.4760307164690971
we only have 4 more days to help get out the vote for democrats grab your friends and head to an event in your community,0.3032015065913371,0.5114068441064639
weve got 4 days to help our friends and family get insured to make sure they today,0.3013182674199623,0.5152091254752852
alea has still refused to release the video of ej bradfords murder organizers are asking people all over the country to,0.5108193936708394,0.4760307164690971
the illustrious human rights champion and fitness connoisseur christine fair makes a reappearance to threaten a woman,0.768361581920904,0.5190114068441065
to stop us repeating the mistakes of our past we must learn about our why labour will improve the teaching of black british history and establish an emancipation educational trust,0.3126177024482109,0.2908745247148289
breaking petition to stop the uk from signing the un migration compact has now reached 100000 signatures issue will now be considered for debate in the british parliament,0.9416195856873822,0.2262357414448669
never oct 23 1983 the marine barracks bombing took the lives of 241 and,0.5423728813559322,0.034220532319391636
socialism without the restoration of indigenous sovereignty is just colonialism white supremacy in shiny new packaging,0.423728813559322,0.9771863117870723
congratulations to who helped send two endorsed candidates to the city council will be the first black ventura city council member and will stand up for working class families seniors and communities who havent had a voice in the past,0.3126177024482109,0.5190114068441065
democratic win alert has won the race for 4th congressional district congratulations rep horsford,0.3126177024482109,0.5190114068441065
our congressional orientation is cohosted by a corporate lobbyist group other members have quietly,0.7890772128060264,0.5361216730038023
remember what the wto chief said leaving with no deal wto rules will not cause uk trade disruption we should,0.8775894538606404,0.11596958174904944
highschool parties became a kind of prep for being able to play hard was a sign that be able to work hard after the fouryear trial was complete,0.5108193936708394,0.4760307164690971
breaking petition to stop the uk from signing the un migration compact has now reached 100000 signatures,0.8945386064030132,0.11977186311787072
this thanksgiving we should reflect on those that are not coming to dinner we should remember the 23 million people that,0.5310734463276836,0.055133079847908745
would save $51 trillion while providing universal comprehensive coverage,0.03389830508474576,0.17490494296577946
yes selfcoup in which a person already in power grabs more power,0.5386064030131826,0.7775665399239544
at a time when rents are rising to record highs endorsed measure o is desperately needed in berkeley it will create and preserve affordable housing and support affordable ownership opportunities such as coops and community land,0.026365348399246705,0.1520912547528517
under the tories theres been a 99% fall in legal challenge flawed benefit decisions that creates unnecessary,0.1977401129943503,0.11787072243346007
this tweet has aged well,0.5108193936708394,0.4760307164690971
thank you i was right in front of mark this has truly been a team effort,0.5108193936708394,0.4760307164690971
inevitable that going to create jobsand we can use the transition to 100% renewable energy to achieve,0.4218455743879473,0.39543726235741444
neil needs to raise to stand up to the tories plans to make it harder to vote if you can help him here,0.5423728813559322,0.12737642585551331
chicago has some of the most exorbitant taxes in top of taxing all amusements like theater concerts sports and movies they are now taxing via,1.0,0.40874524714828897
on donate to organizations doing critical support for the migrant,0.0847457627118644,0.3973384030418251
after hurricane sandy rockway youth organized fiercely for their community know what the future will be like,0.5108193936708394,0.4760307164690971
we need radical change so that our education system works for the many not the,0.5386064030131826,0.811787072243346
the benefits of a green new deal are real whether you believe in climate science or not solar panels dont put,0.6516007532956686,0.0779467680608365
apparently jason van dyke has taken control and the proud boys are up to their usual nonsense i find it amusing that they think denouncing the altright is going to change their fate,0.8681732580037664,0.0
fantastic response in today to our message on how were going to,0.5108193936708394,0.4760307164690971
the people spoke in november republicans refuse to hear and seek to hold on to powerby any means this is not good for,0.3013182674199623,0.5171102661596958
we will address the obscene accumulation of wealth and power in the hands of a few in this continent and in this world,0.0,0.5095057034220533
from florida to maine to arizona and everywhere in between democratic candidates are ready to fight for all americans its up to us to get them across the finish line lets do this,0.3220338983050847,0.5114068441064639
ten years ago today ue local 1110 members made history by occupying their chicago factory and winning the honors,0.3182674199623352,0.5019011406844106
oregon is a sanctuary state and thanks to the help of and hate groups couldnt change,0.3295668549905838,0.7338403041825095
steel dynamics announced that it will build a brand new 3 million ton steel mill in the southwest that will create 600 goodpaying us jobs steel jobs are coming back to america just like i predicted congratulations to steel dynamics,0.7645951035781544,0.2870722433460076
happy our voter protection hotline is here to answer any questions you have about voting our team is standing by and ready to take your calls,0.5108193936708394,0.4760307164690971
programs in the have proven that they change lives by reducing recidivism and helping inmates become productive lawabiding is anything but flawed to learn why claims are false,0.6572504708097928,0.41825095057034223
the idea of a european military work out too well in ww i or 2 but the us was there for you and always,0.8832391713747646,0.11787072243346007
standing up for a i dont give a shit if its the republicans or democrats in control you,0.5423728813559322,0.7452471482889734
federal judicial appointments should be given to those who believe in expanding access to the ballot box not restricting it thomas farr has upheld voter suppression laws in north carolina and does not deserve a lifetime appointment to the federal bench,0.3258003766478343,0.747148288973384
incredible to be with our great heroes today in california we will always be with you,0.5108193936708394,0.4760307164690971
nice comment from on show and paraphrasing before have we had so much data and so,0.5108193936708394,0.4760307164690971
criminal justice reform is not a partisan issue its a human dignity one restoring equality of opportunity to all,0.2994350282485876,0.5171102661596958
excellent day campaigning in the city of london huge thanks to all who turned out to meet residents in the barbican,0.5108193936708394,0.4760307164690971
i liked a video silencing and bribing trudeau liberals rigging 2019 elections,0.536723163841808,0.2832699619771863
latinas are leading the way and that includes in new 2nd district where just flipped a seat from red to blue,0.3145009416195857,0.5076045627376425
when was potus right wing attacked him even when he did stuff they wanted him to do he got zero credit for anything let me say if announces support for which will aid 100000 incarcerated people happily give him full credit,0.3107344632768362,0.5
we let you down nik,0.5108193936708394,0.4760307164690971
just returned from france where much was accomplished in my meetings with world leaders never easy bringing up the fact that the us must be treated fairly which it on both military and trade we pay for large portions of other countries military protection,0.687382297551789,0.058935361216730035
in multiple counties in massachusetts medicare for all was on the ballot as a nonbinding question endorsed it and the response from every county was strong the people demand,0.3069679849340866,0.5152091254752852
democratic socialists distribute more n95 masks than the city,0.054613935969868174,0.629277566539924
deeply moving ceremony today at islington manor remember the brave who left home not knowing if they would see their loved ones we remember the two world wars which destroyed a generation and shattered communities around the,0.5108193936708394,0.4760307164690971
a perfect maine day for knocking on sharing the good rankedchoice voting means no,0.5108193936708394,0.4760307164690971
jeremy heywood was an impressive and dedicated public servant my thoughts are with his family loved ones and colleagues at this sad time,0.5108193936708394,0.4760307164690971
a budget for the health services cut by billion next year no new money for overstretched overcrowded,0.2862523540489642,0.5038022813688213
there is a huge divide right across the west for 20 years the gap between rich and poor widened as global elites ignored genuine concerns brexit trump italy now these riots in france hapened because ordinary people want to feel they have some power over their own futures,0.07532956685499058,0.3916349809885932
today labour is talking to local people in carnforth about,0.2071563088512241,0.3916349809885932
the tech mobilization teams datadrove 23m voters to the polls for the 2018 midterms between our iwillvote,0.5108193936708394,0.4760307164690971
heres how i viewed trump in december hes appointing what he ran he has a year and a half to enact meaningful immigration legislation the time to be critical of him is,0.9020715630885122,0.12927756653992395
we witnessed the end of two years of oneparty rule and the beginning of a new democratic party younger browner,0.295668549905838,0.5057034220532319
cutting 50000 police staff has created a crisis in of criticising our hardworking and overstretched police the government must put more officers on the beat,0.5386064030131826,0.17680608365019013
who do you have the most confidence in theresa may or jeremy corbyn,0.7532956685499058,0.279467680608365
theres exactly one month left to get covered head over to to find the best plan to fit your needs and your budget dont wait get covered today,0.5108193936708394,0.4760307164690971
nevadans just elected a democrat as their next governor congratulations to and the on a hardfought win in a neckandneck race,0.3446327683615819,0.5133079847908745
no flag waving no pleas to donald trump no black girlfriends or jewish allies could save the proud boys from their original sin of being a group that appealed to and represented the interests of white men,0.3352165725047081,0.7452471482889734
the past we inherit the future we build to support the miners,0.7532956685499058,0.7224334600760456
theresa may at is absolutely no room for pandering to racism in our,0.3182674199623352,0.5114068441064639
members are leaving congress b/c legislative process dominated by party leaders who pressure to raise committee gavels now more than $1m in party repels public servants who want to get things done,0.5108193936708394,0.4760307164690971
i agree with president obama 100%,0.2900188323917137,0.5095057034220533
what if the people not signing up for obamacare dont want it via,0.7721280602636534,0.7509505703422054
the caravans are made up of some very tough fighters and people fought back hard and viciously against mexico at northern border before breaking through mexican soldiers hurt were unable or unwilling to stop caravan should stop them before they reach our border but,0.743879472693032,0.30038022813688214
economic justice means that maybe just maybe we will be able to begin a discussion in this country on a word that,0.3163841807909605,0.2813688212927757
arizona together with our military and border patrol is bracing for a massive surge at a nonwalled area we will not let them through big danger nancy and chuck must approve boarder security and the wall,0.8097928436911488,0.23574144486692014
we all benefit when children are provided with the opportunity to reach their potential,0.5108193936708394,0.4760307164690971
its working keep the pressure on and dont let them get away with this,0.5108193936708394,0.4760307164690971
warm reception on with talking to the residents of,0.5108193936708394,0.4760307164690971
the contempt the tories have shown parliament and the people of this country demonstrates that they are not fit for,0.7306967984934086,0.752851711026616
we need medicare for all so that no person in america ever goes bankrupt or loses their life again as a result of the,0.07532956685499058,0.3726235741444867
climate change is fueling in california if been affected by the fires share your story at,0.3182674199623352,0.5114068441064639
trumps refusal to hold saudi arabia accountable sends a dangerous signal to the world that america will no longer lead,0.3126177024482109,0.7395437262357415
raising the minimum wage from $785 to $12 an hour will make an immediate difference in the lives of the working class in missouri endorsed prop b because it returns some of the value workers created and deserve back to,0.20903954802259886,0.5171102661596958
this makes for sobering reading as we battle to save our in the uk we are set to miss carbon reduction targets due to tory need renewed political action and a government not in the pocket of the fossil fuel industry,0.3032015065913371,0.7490494296577946
btc bear market over until these people,0.5108193936708394,0.4760307164690971
the space has been gotten so big people can financially stay in that ecosystem making them cryptolifers,0.5108193936708394,0.4760307164690971
theresa may has agreed something which she said uk prime minister could ever same brazen deception,0.7947269303201506,0.747148288973384
there is no reason for these massive deadly and costly forest fires in california except that forest management is so poor billions of dollars are given each year with so many lives lost all because of gross mismanagement of the forests remedy now or no more fed payments,0.7815442561205274,0.7338403041825095
i say to the walton family of walmart the american people are sick and tired of subsidizing your greed get off of,0.327683615819209,0.7414448669201521
holyrood will vote on scottish labours plan to end the privatisation our railways later if you believe,0.1713747645951036,0.22053231939163498
hello my twitter friends this is my daughter gracie whos getting bullied and picked on at school being told shes,0.5108193936708394,0.4760307164690971
diversity is our nations greatest strength were proud that our newlyelected democratic members of congress reflect that,0.2391713747645951,0.5171102661596958
now thats what were talking about lets keep at it,0.5108193936708394,0.4760307164690971
thanks to my friend repelect for spreading the good word about our campaign,0.5108193936708394,0.4760307164690971
i hope the discovery and eventual recovery of the argentine submarine san juan brings needed closure to the wonderful families of those brave missing sailors i look forward to hearing more from my friend president in argentina later this month,0.5108193936708394,0.4760307164690971
wow to 2014 this one weekend launched so many things thank you and our entire team what a journey,0.5108193936708394,0.4760307164690971
trump is pulling out of the inf treaty this is a dangerous step making conflict more not less likely i urge the,0.3239171374764595,0.5133079847908745
it was my great honor to host a conference on supporting veterans military everyone here today who has served our country in uniform to every veteran military family across our land i want to express the eternal gratitude of our entire nation,0.5108193936708394,0.4760307164690971
last night tory mps blocked the release of the governments own analysis of the impact of universal they want to cover up how its devastating peoples cant go,0.5348399246704332,0.2870722433460076
procession across millennium bridge begins those who have attended the wreath laying now making their way towards,0.5108193936708394,0.4760307164690971
is an american hero she gave this speech 275 actions have been planned for tuesday nov 20th to,0.5108193936708394,0.4760307164690971
this exchange w/ is troubling but not surprising this is authoritarian strongman behavior dangerous for our democracy keep doing what you are doing yamiche my take below,0.2975517890772128,0.7490494296577946
in office but not in power,0.5108193936708394,0.4760307164690971
if they do become incredibly rich then i invite them to be happy with their wealth but also to share it a bit by,0.3069679849340866,0.5171102661596958
this is it democrats this weekend is the final push to get our communities ready for election day time to hustle go to and sign up to volunteer this weekend so we can get some major wins on tuesday,0.3126177024482109,0.5171102661596958
important new report from showing the gap between housing haves and havenots is growing its why,0.3126177024482109,0.2813688212927757
cnn political analyst my heart has been restored it is the end of oneparty rule in the united states,0.327683615819209,0.5095057034220533
new book spygate the attempted sabotage of donald j trump is terrific hes tough hes smart and he really gets it his book is on sale now i highly recommend,0.7608286252354048,0.279467680608365
regulation alert bureaucrats want to impose europeanstyle socialist drug price controls on american your formal comment telling bureaucrats to reject socialist price controls now,0.8116760828625236,0.6501901140684411
since the entire nation is hostage to mcconnells will on whether to bring to a vote or not everyone not just,0.7664783427495292,0.2870722433460076
these disgraceful power grabs have to stop the people made their voices heard and republicans have a duty to listen,0.3314500941619586,0.747148288973384
this pearl harbor remembrance day join us in remembering and honoring the lives we lost 77 years ago,0.5108193936708394,0.4760307164690971
theres too much at stake in this years midterm elections to sit on the sidelines were voting to protect our your friends and family how were committed to effecting change with this free downloadable poster,0.5108193936708394,0.4760307164690971
uns expands on to criminalise criticism of uk must not agree,0.5386064030131826,0.7224334600760456
the top 10 coins i have seen shilled to the lower,0.5108193936708394,0.4760307164690971
and i agree on much but this touched me,0.5108193936708394,0.4760307164690971
the people in this caravan are humans political divides stop some from seeing that stop people from seeing their own,0.352165725047081,0.6197718631178707
we stand for change for an economy that works collaboratively and closely alongside our european partners for an,0.7137476459510358,0.39923954372623577
senators reach bipartisan deal to ease sentencing laws the new york times,0.5108193936708394,0.4760307164690971
this coincidentally timed interference is another blatant attempt by the establishment to try and block the,0.5108193936708394,0.4760307164690971
today launched a call for evidence as part of planning commission created to support our vision of a new,0.5108193936708394,0.4760307164690971
the failing to back the swansea bay tidal lagoon project was the wrong decision for our economy the wrong decision for jobs and the wrong decision for the future of our will back why,0.7777777777777778,0.6673003802281369
good morning black friday deal comes at a price under capitalism retail is becoming a hellish landscape for,0.9981167608286252,0.5190114068441065
as when 3 core components of a tribal identity race religion and geography define your political parties in,0.2994350282485876,0.7585551330798479
sen knew that amendment 74 was a scheme by corporate interests to bankrupt the state knew it was too and voters ended up seeing through it goodbye amendment,0.327683615819209,0.29277566539923955
today we remember the brave actions of our troops and those of our allies during wwi honored to be spending this day,0.5108193936708394,0.4760307164690971
to all those who volunteered made phone calls knocked on doors put up signs made text messages donated drive,0.5108193936708394,0.4760307164690971
until last night colorados constitution still read that there never be in this state either slavery or involuntary servitude except as a punishment for exceptions now thanks to this amendment no slavery period,0.3126177024482109,0.5
we would save billions of dollars if the democrats would give us the votes to build the wall either way people will not be allowed into our country illegally we will close the entire southern border if necessary also stop the drugs,0.8606403013182674,0.20152091254752852
4 in fact there is no evidence suggesting that the difference between the reduced time and longer sentence results in,0.5108193936708394,0.4760307164690971
batten on the quislings and the for a political rebellion through the ballot box,0.7645951035781544,0.30798479087452474
each of robert muellers core prosecutors has a specialty like political corruption hacking or money laundering many of,0.2975517890772128,0.7300380228136882
dick at night working title will be premiering on the heelturn network tonight at 8 eastern with and,0.5108193936708394,0.4760307164690971
macron patriotism is the exact opposite of nationalism nationalism is a betrayal of patriotism by saying our,0.3258003766478343,0.3041825095057034
i added a video to a playlist new q plus 5 signs globalism is going down,0.5461393596986818,0.7433460076045627
brandon judd of the national border patrol council is right when he says on that the democrat inspired laws make it tough for us to stop people at the border must be chanded but i am bringing out the military for this national emergency they will be stopped,0.7664783427495292,0.30228136882129275
whatever you want to say about neocons they dont actually believe their own propaganda leave that up to their goofball conservatives allies,0.2975517890772128,0.526615969581749
current and former college democrats all across arizona put in so much effort to elect democrats this november from our,0.3352165725047081,0.5475285171102662
new research by the finds would increase lifetime earnings for medicaid recipients,0.3107344632768362,0.5228136882129277
trump thunders at media for smearing his supporters after bomb scares via,0.7871939736346516,0.2984790874524715
i added a video to a playlist massive information dump exposing the rulers of reality,0.5108193936708394,0.4760307164690971
labour has set out an alternative plan for a sensible jobsfirst brexit deal that could win support in parliament and,0.3220338983050847,0.2718631178707224
today is a day for dont just donate on join a movement,0.5108193936708394,0.4760307164690971
they have really done a great job in capturing my longheld views and ideas this book is on sale now a terrific read of a really interesting subject,0.5108193936708394,0.4760307164690971
everything you need to know about mrs mays not really leaving the eu withdrawal agreement,0.7664783427495292,0.7186311787072244
hillary clinton not acting presidential herewhich i guess is alright since she will never be president,0.7551789077212806,0.2870722433460076
we are being betrayed dont get mad get even the fightback now for as little as per ukip now,0.775894538606403,0.7319391634980988
so cool to see and together at the mississippi summit on,0.5108193936708394,0.4760307164690971
so funny to see the cnn fake suppression polls and false rhetoric watch for real results tuesday we are lucky ratings are so low fall for the suppression game go out vote remember we now have perhaps the greatest economy jobs in the history of our country,0.8210922787193974,0.5190114068441065
congrats on the win cool thing about this race the dnc made significant investments in latinx and africanamerican organizing efforts across the state communities of color are leading the fight to turn our country around,0.3069679849340866,0.5133079847908745
this deal meet our six tests or the needs of our has laid out an alternative plan which puts jobs and living standards first,0.2843691148775895,0.30038022813688214
together we are making america safe and great again,0.8851224105461394,0.21863117870722434
alert has defeated republican randy hultgren lauren underwood is a millennial registered nurse and one of the youngest black women elected tonight if youre as thrilled as we are that shell be bringing her talents and abilities to the house,0.3258003766478343,0.49809885931558934
house republicans are trying to block a vote on the yemen war and they call themselves prolife hypocrisy much via,0.3145009416195857,0.5019011406844106
just days away from the most impactful election of our lifetime and if we want a mn that works for all of us,0.5108193936708394,0.4760307164690971
this is how theresa may threw the country into even further disarray,0.7702448210922788,0.7566539923954373
happy thanksgiving from all of us at dsam4a,0.5108193936708394,0.4760307164690971
i am now on you can keep up to date with my activity and what up to below,0.5108193936708394,0.4760307164690971
if the democrats think they are going to waste taxpayer money investigating us at the house level then we will likewise be forced to consider investigating them for all of the leaks of classified information and much else at the senate level two can play that game,0.7853107344632768,0.279467680608365
just learned that the san diego office of our partners was burned down including a pile of,0.5108193936708394,0.4760307164690971
i smell a presidential run,0.5108193936708394,0.4760307164690971
transgender members of our armed forces deserve to be treated with the same respect dignity as any other service member this administration cannot continue to discriminate against our troops based on who they love how they identify,0.3239171374764595,0.6520912547528517
i just learned that up to 40% of people released from prison after being wrongfully incarcerated receive *no*,0.536723163841808,0.6787072243346007
held out for way too much under and we got on with,0.5108193936708394,0.4760307164690971
your vote made this happen,0.5108193936708394,0.4760307164690971
president moon and president trump reaffirmed their commitment to closely,0.7815442561205274,0.2889733840304182
we shouldnt be turning our backs on children who are seeking safety and a better life the trump administrations immigration policies are shameful,0.3163841807909605,0.5247148288973384
it turns out that the billionaires who apparently own the bulk of the british press like us one little online and on the doorstep our peoplepowered movement will transform britain,0.3163841807909605,0.29277566539923955
georgia voters this is a really important thread,0.5108193936708394,0.4760307164690971
lets bring it home florida,0.5108193936708394,0.4760307164690971
really want to be part of a club that is going to be rude and not give me what is audience,0.5108193936708394,0.4760307164690971
forget to come down to islington young launch party on the 15th / 730pm+ prince alfred marlborough,0.5108193936708394,0.4760307164690971
the loaded leftie elites are conspiring to steal brexit from brits while pretending to represent the people,0.7551789077212806,0.720532319391635
president trump in 2017 we never again will sacrifice ohio jobs and those in other states to enrich other,0.7947269303201506,0.279467680608365
talking about immigration this kind of compassion is a far cry from the hatefilled rhetoric of today,0.3013182674199623,0.5076045627376425
democrats are trying their hardest to ignore the public demand for singlepayer rallying instead around insufficient public,0.839924670433145,0.23954372623574144
the paris agreement working out so well for paris protests and riots all over france people do not want to pay large sums of money much to third world countries that are questionably run in order to maybe protect the environment chanting want love france,0.8775894538606404,0.6901140684410646
dont miss the chance to get a free cryptocurrency the link below to download cryptogiveaway bounty or use the promo code null to get an extra bonus from me the word and get more coins,0.5108193936708394,0.4760307164690971
thrilled to spend the day with 100 ceos talking about how they can do more on diversity inclusion,0.2843691148775895,0.5209125475285171
has spent more time negotiating with her own mps than the eu putting jobs the economy and living,0.687382297551789,0.6634980988593155
china talks are going very well,0.5108193936708394,0.4760307164690971
fantastic evening in charlotte north carolina with great patriots get out and vote for and replay,0.8267419962335216,0.279467680608365
deputies confused a grannys cotton candy for meth high bond kept her jailed for months via,0.5404896421845574,0.7376425855513308
phrase every announcement about the online retailers decisions as amazon the company that so harshly punishes,0.3163841807909605,0.5152091254752852
im thankful for every day hillary clinton is not president,0.815442561205273,0.2338403041825095
watch live at labour party conference as she outlines how the next labour government will rebuild our economy so it works for the many not the,0.3295668549905838,0.28517110266159695
fascinating about neocons is that unlike stodgy conservatives they actually have a messianic vision of the world and a will to implement it you can study and learn from neocons not much to learn from bob dole,0.879472693032015,0.0
the lying and leaking by the people doing the report also bruce ohr and his lovely wife molly comey brennan clapper all of the many fired people of the fbi be listed in the report will the corruption within the dnc clinton campaign be exposedand so much more,0.7740112994350282,0.2984790874524715
congratulations to on flipping 6th district georgians have elected to send one of the strongest advocates for commonsense gun reforms to congress,0.3295668549905838,0.5190114068441065
anti fascists nope are pro eu thugs the contrast to the peaceful well organised brexit means exit rally down the road,0.775894538606403,0.7376425855513308
flip alert just flipped one of the most competitive seats in the country blue to congratulate congresswomanelect porter on her win,0.3126177024482109,0.5114068441064639
i have been in active politics for over 26 years my cause is to restore democratic government under our,0.3126177024482109,0.7414448669201521
this is a bad deal which isnt in the interests of the whole country,0.8813559322033898,0.12167300380228137
tonight we should be voting on theresa botched brexit deal but to avoid a resounding defeat she pulled the vote at the very last minute,0.768361581920904,0.7414448669201521
billions of dollars are pouring into the coffers of the usa because of the tariffs being charged to china and there is a long way to go if companies want to pay tariffs build in the usa otherwise lets just make our country richer than ever before,0.536723163841808,0.2908745247148289
we have until dec 13 to set the agenda for 2019 a must be a us in washington dc on dec 10,0.5108193936708394,0.4760307164690971
crypto twitter the moment someone mentions a hardfork or airdrop,0.5108193936708394,0.4760307164690971
is the last fec deadline before election day your last chance to help us determine what critical lastminute investments well be able to make to get out the vote for democrats across the country rush a donation before midnight,0.3145009416195857,0.5133079847908745
americas success was achieved by limiting government not by government via,0.5499058380414312,0.752851711026616
is an opportunity to remember those lost and recommit to the fight of eliminating hiv/aids worldwide as democrats we reject stigma and embrace science we stand in solidarity with all those living with hiv/aids,0.288135593220339,0.4866920152091255
in 35 years as an mp ive never witnessed such an abject mess as this prime minister has made of these brexit negotiations,0.7532956685499058,0.7319391634980988
after two years and millions of pages of documents and a cost of over $30000000 no collusion,0.9096045197740112,0.21482889733840305
signs coalition letter to opposing hhs medicare part b rule countries w/ single payer health care to determine rx prices for american patients/caregivers gives foreign lawmakers influence over our domestic policy,0.2824858757062147,0.747148288973384
beautiful evening at a with great american patriots loyal citizens like you helped build this country and together we are taking back this country returning power to you the american people get out and,0.864406779661017,0.188212927756654
small independent member of the eu thats all she wants a small vassal state strong independent and sovereign united kingdom outside the eu trading freely with the world thats what a true brexit will bring us for that to happen we need to walk away now,0.647834274952919,0.8174904942965779
thomas farrs nomination was another example of the lengths republicans will go to silence communities of color today is a,0.3126177024482109,0.6311787072243346
are so many opposing view on border and safety cases filed there and why are a vast number of those cases overturned please study the numbers they are shocking we need protection and security these rulings are making our country unsafe very dangerous and unwise,0.8116760828625236,0.32129277566539927
be brutally honest involved in a public altright club you should know three things you have *already* been infiltrated by antifa and/or feds if you are well known or effective you will be declared a terrorist group trump save you,0.8832391713747646,0.005703422053231939
austerity has always been a political will end it and rebuild all our,0.5386064030131826,0.8954372623574145
we cannot let vulnerable people be abused by the farright that points to them as scapegoats to the ills of society,0.352165725047081,0.7927756653992395
his message was clear we must do so much more to meet our moral duty to those fleeing conflict and oppression when refugees arrive we must welcome them and support them in building a new life with us here,0.2693032015065913,0.5152091254752852
im excited for the midterms i love voting but im excited for what will come after too the push to finally begin,0.5108193936708394,0.4760307164690971
we thank attorney general jeff sessions for his service and wish him well a permanent replacement will be nominated at a later date,0.8267419962335216,0.30798479087452474
massachusetts upholds transgender peoples rights by voting shoutout to and for their work,0.352165725047081,0.49619771863117873
will be a great governor for the people of ohio he is an outstanding man who loves his state and always produces big,0.551789077212806,0.2813688212927757
when you think of economic freedom you should think of via,0.967984934086629,0.5209125475285171
if charlottesville had never happened the demonization deplatforming and marginalization of the altright would have,0.8945386064030132,0.057034220532319393
several of our local members spoke before city council tonight on the new housing rights code including tacoma dsa member,0.09227871939736347,0.623574144486692
payday loans are exploitative and misleading charging interest rates as high as 200% so capping their interest rates at 36% with proposition 111 is a great first step endorsed it and 75% of colorado,0.5108193936708394,0.4760307164690971
so capitalism in the 21st century will soon provide the living conditions of the lenin and stalinera soviet union,0.17325800376647835,0.26996197718631176
trumps attempt to undermine the mueller investigation with the hiring of matthew whitaker as acting attorney general is a,0.3408662900188324,0.7338403041825095
solidarity to everyone who is struggling at what is supposed to be a time of plenty,0.3032015065913371,0.49429657794676807
the camp fire is a capitalistcreated disaster,0.062146892655367235,0.5152091254752852
how is not at 100k followers this a retweet lets get our friend to 100k before world,0.5108193936708394,0.4760307164690971
next newsletter is hitting inboxes soon stay up to date with the nationwide fight for medicare for all and arm yourself,0.2862523540489642,0.5095057034220533
monument academy is designed to meet the needs of students who have experienced adversity including foster care,0.391713747645951,0.5247148288973384
we need more political courage and less political consternation dont let fossil fuel funded politicians lie to you,0.3182674199623352,0.5076045627376425
time to get the passed into law we have an opportunity to stand,0.5108193936708394,0.4760307164690971
words of wisdom likes or shares do not count as votes only votes count as votes so get out and,0.5108193936708394,0.4760307164690971
while the disgusting fake news is doing everything within their power not to report it that way at least 3 major players are intimating that the angry mueller gang of dems is viciously telling witnesses to lie about facts they will get relief this is our joseph mccarthy era,0.8173258003766478,0.2338403041825095
if brexit is betrayed the political establishment will face an electoral challenge unlike anything seen in modern times,0.7551789077212806,0.7338403041825095
ukip mep on theresa mays brexit deal and how it sells out british interests to the european union part 1,0.7890772128060264,0.7490494296577946
this is bad its the kind of thinking where liberalism and individualism lead,0.24670433145009416,0.3060836501901141
not gonna happen ann and the wall was always a symbol anyway not like cracking down on illegals is going to affect the demographic trajectory of america time to move on,0.32015065913371,0.49619771863117873
prohibition is over but over a dozen states still control alcohol sales at the retail level forcing consumers to shop at governmentrun liquor out more insane biggov alcohol laws from,0.527306967984934,0.7490494296577946
leaders warn more unrest could be ahead elsewhere as hotel contracts expire in los angeles and orange,0.5108193936708394,0.4760307164690971
rainbow wave in is the end of oneparty rule in the united states,0.3389830508474576,0.6482889733840305
let me be real i loathed this man when he was potus i have spent my career battling the effects of the racist willie horton ad other attacks on criminal justice reform which were associated with his 1988 campaign but i must admit i love this clip stop watching it,0.3126177024482109,0.5247148288973384
i welcome the decision to quash the unjust sentences of fracking stand in solidarity with the activists and thank them for standing up to the further destruction of our environment by this tory labour gets into government we will ban fracking,0.591337099811676,0.7490494296577946
donate stand in solidarity with central american refugees,0.3050847457627119,0.7452471482889734
the scale of sex abuse in the uk is staggering the needs of the vulnerable are ignoredand the govt isnt doing,0.7796610169491526,0.25475285171102663
deeply appreciative of law enforcements quick response to the shooting at the yoga facility in tallahassee today,0.5480225988700564,0.29277566539923955
the unity of youth demanding a clean future is the most powerful movement in modern time it is great to have van,0.5404896421845574,0.30228136882129275
eus own figures point to the fact that 90% of global growth will come from outside the eu an independent uk must,0.743879472693032,0.7395437262357415
we now live in a world where we have so much data so little,0.5108193936708394,0.4760307164690971
new york get out and vote for a great and hardworking congressman we need voice in dc his,0.5108193936708394,0.4760307164690971
congratulations to who helped pass funding for affordable housing in,0.2787193973634652,0.5152091254752852
fbi director james comey under fire for his testimony acknowledging he knew that the democrats paid for that phony trump details on tuesday night,0.7890772128060264,0.2984790874524715
twenty years ago i was proud to join the campaign to extradite pinochet for his crimes against the people of i am in geneva meeting michelle bachelet who was imprisoned and tortured by pinochets regime she later became the first woman president of chile,0.3672316384180791,0.5
the result of this perverted victorianism is fear and hatred between the genders monogamy is not being attacked so much as the grand tradition of the male conquest and the camaraderie of the,0.3295668549905838,0.7319391634980988
be woke on the importance of voting with,0.5108193936708394,0.4760307164690971
james comey just totally exposed his partisan stance by urging his fellow democrats to take back the white house in 2020 in other words he is and has been a democrat comey had no right heading the fbi at any time but especially after his mind exploded,0.8210922787193974,0.27756653992395436
this heartless tory government is tearing lives,0.7476459510357816,0.7490494296577946
un migration compact whoever signs it presents a serious risk to their own citizens sign,0.7645951035781544,0.6444866920152091
bitcoin tanks 20% in a day and crypto twitter still votes bitcoin to the top for a 10 year currency play god bless,0.5108193936708394,0.4760307164690971
in a way trumps greatest success may be ushering in the end of belief in the american system if,0.544256120527307,1.0
this evil antisemitic attack is an assault on humanity it will take all of us working together to extract the poison of antisemitism from our world we must unite to conquer hate,0.5108193936708394,0.4760307164690971
no jeremy the world is still waiting for action,0.3088512241054614,0.2832699619771863
i liked a video the ability for citizens to engage with the truth is under attack,0.5108193936708394,0.4760307164690971
at says that after the events of the past week many people and many businesses will be confused,0.5108193936708394,0.4760307164690971
trump said his tax law would benefit workers but that happened hear from workers who have lost their jobs and are,0.3220338983050847,0.7414448669201521
watch out on the in bolton west with our next mp we will win here,0.5108193936708394,0.4760307164690971
thank you i hope listens to the leaders in his own backyard and brings to the,0.5108193936708394,0.4760307164690971
i have been saying there was never going to be a since 2014 we will be saying no deal loud and clear at,0.5108193936708394,0.4760307164690971
the master class has always declared the wars the subject class has always fought the battles,0.018832391713747645,0.03612167300380228
follow lead and head to the polls early if you can check out to confirm your early voting location,0.5108193936708394,0.4760307164690971
we asked a once shropshire lad to wish telford a happy 50th birthday,0.5108193936708394,0.4760307164690971
today marks ten years since labour passed the groundbreaking climate change failure means britain is now set to miss our carbon reduction need renewed political action and a government not in the pocket of the fossil fuel industry,0.3352165725047081,0.7319391634980988
borders = genocide the ruling class dispossesses whole populations pit us against each other leave us to die when,0.026365348399246705,0.14638783269961977
time pass the have an opportunity to stand united fix our broken,0.5108193936708394,0.4760307164690971
our hotline will be open every day from 9 am to 9 pm est on election day well be here as long as polling places are open across the country just give us a call at 8333368683 already received thousands of calls are ready to answer any all voting questions,0.5108193936708394,0.4760307164690971
martha mcsally is a great warrior her opponent a nancy pelosi wacko,0.8587570621468926,0.2623574144486692
this republican mayor leads the first city in texas powered by 100% renewable energy addressing climate change and,0.8549905838041432,0.25665399239543724
we cant believe we have to say this but voting should be easy,0.5108193936708394,0.4760307164690971
watch ukip leader on sky news earlier discussing mrs mays brexit betrayal deal and how we should be leaving,0.7551789077212806,0.7319391634980988
why elizabeth dna test totally backfired,0.8945386064030132,0.25285171102661597
in chess your opening is all important the middle game is where the action happens and the end game is decisive but if you botch your opening it is almost impossible to recover trump botched his opening,0.3107344632768362,0.7566539923954373
just spoke to governor jerry brown to let him know that we are with him and the people of california all the way,0.3502824858757062,0.7547528517110266
this is one of the most important elections of our lifetime theres too much at stake to sit this one out,0.5108193936708394,0.4760307164690971
did you ever see an investigation more in search of a crime at the same time mueller and the angry democrats even looking at the atrocious and perhaps subversive crimes that were committed by crooked hillary clinton and the democrats a total disgrace,0.8606403013182674,0.25475285171102663
well done signore salvini will mrs may do the same the un global compact on migration is intended to create waves,0.7815442561205274,0.7414448669201521
why tighter job markets are an economic blessing not a threat wages and higher training spending is *not*,0.7928436911487758,0.2946768060836502
ukip is the patriotic alternative those who take the heat of battle,0.8926553672316384,0.11216730038022814
people do not yet realize how much of the wall including really effective renovation has already been built if the democrats do not give us the votes to secure our country the military will build the remaining sections of the wall they know how important it is,0.8135593220338984,0.2737642585551331
cant wait for this weeks show i sit down with a true inspiration what topics do you want us to cover saturday 7pm et on,0.5108193936708394,0.4760307164690971
article 50 revocation would be an act of betrayal unique in our history ukip leader in full,0.7495291902071564,0.7452471482889734
hitting the in this morning with and,0.5108193936708394,0.4760307164690971
actually we have forprofit now they are companies + boards saying on your own bc they,0.5108193936708394,0.4760307164690971
every hodler of last resort have pretty gnarly battle scars war stories what are yours,0.5108193936708394,0.4760307164690971
but if a fair deal is able to be made with china one that does all of the many things we know must be finally done i will happily sign let the negotiations begin make america great again,0.847457627118644,0.2585551330798479
janelle ortiz and roxana trans women of color one a sex worker who left her us hometown and one a,0.2297551789077213,0.5190114068441065
rebuilding britain across the south west for the many not the few,0.8380414312617702,0.7072243346007605
we face a national emergency in children services,0.5108193936708394,0.4760307164690971
wait to speak to 4000+ young conservatives from across america with in just a few weeks time sign up here,0.8493408662900188,0.2509505703422053
tell the truth about gmos vaccines or cancer you might piss off some very powerful and well funded,0.16760828625235405,0.9106463878326996
congratulations to on becoming the new chair of the the democratic party is back were ready to,0.32015065913371,0.5152091254752852
mays awful withdrawal deal will restrict our ability to freely trade with other non eu nations that includes the,0.7401129943502824,0.7604562737642585
to any of the pundits or talking heads that do not give us proper credit for this great midterm election just remember two words fake news,0.847457627118644,0.2414448669201521
more than ever indeed florida needs people that they can trust we need leaders who know right from at gotv florida rally,0.839924670433145,0.2718631178707224
thread from our friends at,0.5108193936708394,0.4760307164690971
thirdgeneration military veteran and health care champion chrissy houlahan has officially won her race for pa06 congratulations,0.3220338983050847,0.5057034220532319
this is a ridiculous state of affairs and the government was warned this would happen fracking has got to stop,0.5423728813559322,0.7224334600760456
if you hate antifa so much then be fascist and antifa have a reason to exist,0.5108193936708394,0.4760307164690971
democracy one man one shattered what emerged in its place sexual socialism everyone gets everyone but the law of the jungle alphas get lots of girls betas get fewer and fewer,0.3145009416195857,0.30228136882129275
the mueller witch hunt is a total disgrace they are looking at supposedly stolen crooked hillary clinton emails even though they want to look at the dnc server but have no interest in the emails that hillary deleted acid washed after getting a congressional subpoena,0.8606403013182674,0.26806083650190116
great to spend the day in norfolk with and here are rightly very concerned about the planned closure of so many childrens centres,0.3145009416195857,0.5342205323193916
from please hold the line do not get discouraged let them frustrate you if you have any issues,0.5108193936708394,0.4760307164690971
theresa may just said she has a duty to deliver brexit we need much more than that we need a pm who believes in brexit and in britain,0.7815442561205274,0.7509505703422054
last night i had a brilliant evening at the watching shakespeare plays performed by students from pooles park the bridge and islington arts and media you for your great work and i hope those who can will support you here,0.5108193936708394,0.4760307164690971
socialism is the only basis through which we can adequately confront the threat of climate change from each according,0.0847457627118644,0.4049429657794677
only through solidarity with the international working class can we end colonization and build a just future for,0.047080979284369114,0.17110266159695817
if you keep telling people theyre nazis at some point they might believe you,0.5480225988700564,0.5095057034220533
heelturn damn the torpedoes live at 7est with and at 8est with and gonna be a,0.5108193936708394,0.4760307164690971
so tomorrows show looks something like cash wars amaury and craig wright on,0.5108193936708394,0.4760307164690971
today made history by being the first mp to speak in the house of commons about being hiv positive his bravery and hope will help to raise awareness and tackle stigma and inspire people across our country and around the world,0.3559322033898305,0.7490494296577946
amazons cyber monday deal of the day is $49 for an ancestry dna test maybe this an opportunity for yall to remind,0.5108193936708394,0.4760307164690971
another way unions of working people lead in the workplace helping new moms take maternity leave,0.3239171374764595,0.49809885931558934
democrats will hold this administration accountable for its attacks on human rights,0.2749529190207156,0.5076045627376425
i just dont see how this deal will pass on,0.5108193936708394,0.4760307164690971
such a good conversation between these guys last night you,0.5108193936708394,0.4760307164690971
beautiful sunny afternoon on the in watling ward listening to residents and discussing,0.5108193936708394,0.4760307164690971
theresa may has to explain why after two years she has brought back a deal that even her closest allies think would,0.7645951035781544,0.7110266159695817
i liked a video how to prepare for the approaching stock market crash,0.5108193936708394,0.4760307164690971
sun 11/25 refugee caravan solidarity day of action w/,0.3182674199623352,0.5152091254752852
just out consumer confidence hits highest level since 2000,0.775894538606403,0.25665399239543724
at our chapter meetings in koreatown on the westside and in the valley this saturday we will be collecting items,0.5108193936708394,0.4760307164690971
facebook removed 559 pages and 251 personal accounts today because these pages rules against spam and,0.5108193936708394,0.4760307164690971
it was a whitelash in part as i said research shows racial resentment cultural anxiety are key aspects of trump phenomenon though some do support him without embracing that stuff that said im done talking with u others analyzed race all week but ure mad at me hmmm,0.2693032015065913,0.49619771863117873
this community in derbyshire opposes fracking but the tories are refusing to forcing through dangerous plans that will affect communities across the country,0.5404896421845574,0.29277566539923955
reference richard spencer too rule for being a respectable conservative,0.871939736346516,0.09505703422053231
congrats dsa member on the harris county education board of trustees,0.07156308851224105,0.6444866920152091
louisiana and mississippi youve got runoff elections right around the corner to make sure your friends and family confirm their polling place at lets get ready to vote,0.5108193936708394,0.4760307164690971
theres nothing scarier than allowing republicans to continue their attacks on vital programs like social security medicare and got 6 days to mobilize organize and get out the vote like never before make sure youre all set,0.2900188323917137,0.5
the is bigger than kavanaugh and his judicial decisions bigger than roe v wade which was of secondary importance in the debate over him bigger than partisan the hearing was a culture war which is increasingly a race war,0.295668549905838,0.5133079847908745
transcript bob stanley the cryptolifer mentality and how eos changes everything,0.5108193936708394,0.4760307164690971
looks set to be another great addition to the maturing $btc market shows continue to be,0.5108193936708394,0.4760307164690971
do the tories not have any other strategy apart from trying to divide our communities and attack didnt work against in 2016 and wont work in 2020,0.743879472693032,0.752851711026616
hotel workers unite see what we did there,0.3634651600753296,0.5152091254752852
mays withdrawal deal surrenders british national security by subordinating uk defence forces to military eu,0.783427495291902,0.7490494296577946
if chuck schumer and nancy pelosi gain the majority they will try to raise your taxes restore jobkilling,0.8738229755178908,0.19961977186311788
good luck to members of the uk youth parliament sitting in the house of commons today i look forward to listening to your important,0.7984934086629002,0.2908745247148289
breaking has won reelection to the us senate women are leading the way tonight,0.295668549905838,0.49429657794676807
we marched we protested now we confirm your polling place at and lets get ready to show up at the polls like never your downloadable poster today,0.5108193936708394,0.4760307164690971
workers rights are under threat from the tories botched brexit deal,0.736346516007533,0.7129277566539924
remember florida i have been president of the united states for almost two years during that time senator bill nelson call me once rick scott called constantly requesting dollars plus for florida did a great job on hurricanes vote scott,0.8625235404896422,0.2376425855513308
the idea of a european military work out too well in ww i or 2 but the us was there for you and always will be all we ask is that you pay your fair share of nato germany is paying 1% while the us pays 43% of a much larger gdp to protect europe fairness,0.783427495291902,0.26045627376425856
ill be back im rebooting working on a very interesting project now,0.5108193936708394,0.4760307164690971
i wait to see which stories you shine a light on in the next optimist issue i was thrilled to,0.7740112994350282,0.5209125475285171
this president has been mindless heartless and gutlessto demonize this ragged band of refugees as a threat to the,0.3182674199623352,0.6844106463878327
seeing all these tweets about the bout to be folding clothes and,0.5108193936708394,0.4760307164690971
be there to show you want to dump the deal that brexit means exit this is only pro brexit rally to be held,0.568738229755179,0.7338403041825095
the record on support staff increase in violent,0.5108193936708394,0.4760307164690971
paul stephenson made an outstanding contribution to british history he played a leading role in the fight against racism and is a hero of the civil rights honoured to pay tribute to him today as we mark black history,0.3050847457627119,0.7376425855513308
as a life long tory voter i hereby pledge my future vote to your good self mr batten,0.743879472693032,0.7414448669201521
senate republicans just confirmed a climate denier to regulate our energy grid bernard mcnamees industry ties and,0.3013182674199623,0.7300380228136882
rotherham council given child gang rapists access to children born of repeated rape against the wish of their,0.743879472693032,0.7433460076045627
before the intellectual dark web came along we never encountered fearless outsidethebox commentary like this,0.847457627118644,0.0817490494296578
cant wait to turn things around by *checks notes* working 100 hours a week in the hopes of eventually selling myself to,0.5108193936708394,0.4760307164690971
fantastic evening in florida with great patriots at a beautiful get out and so we can continue making america safe great again,0.8926553672316384,0.25285171102661597
china does not want tariffs,0.5108193936708394,0.4760307164690971
couldnt make this up we need public ownership of our railways,0.5423728813559322,0.28517110266159695
according to candace o conservatism = opportunity to get rich,0.08097928436911488,0.4068441064638783
fact if in line to vote when your polling place closes you still get to cast your ballot if you run into any issues at the polls hit up our voter protection hotline at 8333368683 got your back,0.5108193936708394,0.4760307164690971
as the first female governor of iowa cut taxes balanced the budget with a 127 m surplus fostered a,0.3483992467043315,0.4923954372623574
i am glad that my friend and the protestors in paris have agreed with the conclusion i reached two years ago the paris agreement is fatally flawed because it raises the price of energy for responsible countries while whitewashing some of the worst polluters,0.832391713747646,0.2414448669201521
over 10 years would plan 100% renewable federal job decarbonizing,0.3389830508474576,0.5114068441064639
young people everywhere are speaking truth to power one girls story of fighting for our planet,0.3728813559322034,0.5361216730038023
happy birthday congresswoman because of your unapologetic fierceness and that of other foremothers cut,0.3258003766478343,0.5475285171102662
the reality of nhs under the snp is very different from nicola party conference rhetoric,0.768361581920904,0.720532319391635
we know tobacco is one of the biggest killers and yet fewer smokers now kicking the habit after years of tory cuts to,0.7853107344632768,0.5095057034220533
this promise became intertwined with the universalization of higher education which occurred at the same period was your to the middle it was also a time and place of sin and debauchery allnight keggers random hookups and general idiocy,0.8757062146892656,0.12927756653992395
should someone convicted of murder as a teen be written off forever the suprct has noted that adolescent brain,0.544256120527307,0.7965779467680608
lets remember that kavanaugh is the type of judge who would have been nominated in a jeb bush administration nevertrumpers like erickson sense correctly that trump is fighting their battles,0.3634651600753296,0.655893536121673
together well rebuild britain for the many not the few,0.7853107344632768,0.27566539923954375
shouting from the are still separating families,0.5108193936708394,0.4760307164690971
were about to see whos really here for the technology,0.5108193936708394,0.4760307164690971
of course we should have captured osama bin laden long before we did i pointed him out in my book just before the attack on the world trade center president clinton famously missed his shot we paid pakistan billions of dollars they never told us he was living there fools,0.7250470809792844,0.5304182509505704
so many people ive talked to in dc over the last week have said some version of this the 10 year timeline to reverse,0.5108193936708394,0.4760307164690971
there is a rumor put out by the democrats that josh hawley of missouri left the arena last night early it is fake news he met me at the plane when i arrived spoke at the great rally stayed to the very end in fact i said goodbye to him and left before he did deception,0.8436911487758946,0.26045627376425856
cook a planet and live on,0.5108193936708394,0.4760307164690971
the debate aka a televised pantomime between two remainers arguing over how to betray 174 million people,0.3446327683615819,0.28517110266159695
ukip deputy chair destroys a remainers argument about the uk paying its dues to the,0.7721280602636534,0.7414448669201521
oregon just reelected as their governor which means sending a woman back to their mansion for another 4 years,0.5108193936708394,0.4760307164690971
stay in in in in in in in in in,0.5108193936708394,0.4760307164690971
mrs mays vassal state fakebrexit has torpedoed the possibility of a trade deal with the usa for the sake of our,0.3182674199623352,0.279467680608365
yesterday we experienced voter suppression in louisville georgia had a whole busload of beautiful black elders,0.2975517890772128,0.7509505703422054
if someone were to ask me the most based interesting and impactful mainstream conservative commentator the answer is easy tucker willing go places the others and he can be sharp and witty a definite improvement over people like bill,0.8945386064030132,0.16730038022813687
thank you for bringing your super duper serious reporter face and voice to,0.5108193936708394,0.4760307164690971
oopsthat was supposed to be,0.5108193936708394,0.4760307164690971
